
<?xml version="1.0" encoding="UTF-8"?>
<addon id="plugin.video.kodispain" version="1.0" name="Kodi Spain" provider-name="Kodi">
<requires>
  <import addon="xbmc.python" version="3.0.1"/>
</requires>
<extension point="xbmc.python.pluginsource" library="main.py">
  <provides>video</provides>
</extension>
<extension point="xbmc.addon.metadata">
  <summary lang="en_GB">Kodi Spain</summary>
  <description lang="en_GB">Kodi Spain addon </description>
  <license>GPL-3.0-only	</license>
  <assets>
    <icon>resources/images/icon.png</icon>
    <fanart>resources/images/fanart.jpg</fanart>
    <screenshot>resources/images/screenshot-1.jpg</screenshot>
    <screenshot>resources/images/screenshot-2.jpg</screenshot>
  </assets>
  <news>0 Actualizaciones</news>
</extension>
</addon>
